{"cameraMode":{"drawMode":0,"name":"Shaded","section":"Shading Mode"},"sceneLighting":true,"audioPlay":false,"sceneViewState":{"showFog":false,"showMaterialUpdate":true,"showSkybox":false,"showFlares":false,"showImageEffects":false,"showParticleSystems":true},"in2DMode":false,"pivot":{"x":0.7702686786651611,"y":0.5516694784164429,"z":0.00100008025765419},"rotation":{"x":-0.005707424599677324,"y":-0.9898993372917175,"z":0.04191190376877785,"w":-0.13567255437374116},"size":0.7737730741500855,"orthographic":false}