{"cameraMode":{"drawMode":0,"name":"Shaded","section":"Shading Mode"},"sceneLighting":true,"audioPlay":false,"sceneViewState":{"showFog":false,"showMaterialUpdate":true,"showSkybox":false,"showFlares":false,"showImageEffects":false,"showParticleSystems":true},"in2DMode":false,"pivot":{"x":-0.1821691393852234,"y":0.4057164192199707,"z":0.00039505958557128906},"rotation":{"x":0.012051320634782315,"y":-0.9880309700965881,"z":0.10592813044786453,"w":0.11191190034151077},"size":1.3372424840927125,"orthographic":false}